,date,new_case,new_death,country
0,2/27/20 23:59,2,0,International
1,2/27/20 23:59,1,0,International
2,2/27/20 23:59,7,0,International
3,2/27/20 22:49,1,0,International
4,2/27/20 22:42,1,0,International
5,2/27/20 20:51,1,0,International
6,2/27/20 20:50,1,0,International
7,2/27/20 20:30,1,0,International
8,2/27/20 20:23,1,0,International
9,2/27/20 20:22,2,0,International
10,2/27/20 19:31,3,0,International
11,2/27/20 19:30,6,0,International
12,2/27/20 19:14,1,0,International
13,2/27/20 19:05,20,0,International
14,2/27/20 18:50,5,0,International
15,2/27/20 18:49,4,0,International
16,2/27/20 18:25,14,0,International
17,2/27/20 17:46,127,3,International
18,2/27/20 17:45,1,0,International
19,2/27/20 17:25,1,0,International
20,2/27/20 16:46,6,0,International
21,2/27/20 16:45,1,0,International
22,2/27/20 15:00,1,0,International
23,2/27/20 14:30,2,0,International
24,2/27/20 14:22,1,0,International
25,2/27/20 13:03,1,0,International
26,2/27/20 13:02,3,0,International
27,2/27/20 11:42,1,0,International
28,2/27/20 11:34,75,2,International
29,2/27/20 11:00,2,0,International
30,2/27/20 10:45,2,0,International
31,2/27/20 10:27,104,4,International
32,2/27/20 09:35,1,0,International
33,2/27/20 09:22,2,0,International
34,2/27/20 09:05,2,0,International
35,2/27/20 08:45,13,0,International
36,2/27/20 08:30,3,0,International
37,2/27/20 08:33,171,0,International
38,2/27/20 08:11,1,0,International
39,2/27/20 08:08,0,1,International
40,2/27/20 08:03,1,0,International
41,2/27/20 07:46,2,3,International
42,2/27/20 07:22,17,0,International
43,2/27/20 07:14,1,0,International
44,2/27/20 07:06,1,0,International
45,2/27/20 07:04,1,0,International
46,2/27/20 07:01,2,0,International
47,2/27/20 06:16,1,0,International
48,2/27/20 06:04,1,0,International
49,2/27/20 05:38,1,0,International
50,2/27/20 01:58,0,1,International
51,2/27/20 01:20,433,29,China
52,2/27/20 01:07,334,0,International
53,2/26/20 23:59,17,0,International
54,2/26/20 23:59,1,0,International
55,2/26/20 21:10,54,0,International
56,2/26/20 20:52,1,0,International
57,2/26/20 20:25,1,0,International
58,2/26/20 20:23,7,0,International
59,2/26/20 20:11,1,0,International
60,2/26/20 19:30,3,0,International
61,2/26/20 19:00,27,0,International
62,2/26/20 18:33,1,0,International
63,2/26/20 18:20,1,0,International
64,2/26/20 18:05,1,0,International
65,2/26/20 17:59,1,0,International
66,2/26/20 17:08,1,0,International
67,2/26/20 16:55,1,0,International
68,2/26/20 16:35,1,0,International
69,2/26/20 16:25,1,0,International
70,2/26/20 16:15,1,0,International
71,2/26/20 13:14,1,0,International
72,2/26/20 12:11,2,0,International
73,2/26/20 12:08,1,0,International
74,2/26/20 11:42,1,0,International
75,2/26/20 11:11,17,1,International
76,2/26/20 11:05,0,1,International
77,2/26/20 11:03,1,0,International
78,2/26/20 10:45,7,0,International
79,2/26/20 10:35,1,0,International
80,2/26/20 10:15,1,0,International
81,2/26/20 10:03,4,0,International
82,2/26/20 09:53,1,0,International
83,2/26/20 09:35,44,4,International
84,2/26/20 09:30,6,0,International
85,2/26/20 09:15,3,1,International
86,2/26/20 09:13,32,0,International
87,2/26/20 09:01,1,0,International
88,2/26/20 08:02,115,0,International
89,2/26/20 07:48,1,0,International
90,2/26/20 06:39,1,0,International
91,2/26/20 06:27,3,0,International
92,2/26/20 06:13,1,0,International
93,2/26/20 06:10,1,0,International
94,2/26/20 04:57,3,0,International
95,2/26/20 01:59,0,1,International
96,2/26/20 01:40,5,0,China
97,2/26/20 01:40,401,52,China
98,2/26/20 00:55,169,0,International
99,2/25/20 23:31,10,0,International
100,2/25/20 23:30,2,0,International
101,2/25/20 23:25,2,0,International
102,2/25/20 23:20,2,0,International
103,2/25/20 22:06,1,0,International
104,2/25/20 22:05,1,0,International
105,2/25/20 20:40,1,0,International
106,2/25/20 20:13,1,0,International
107,2/25/20 19:30,1,0,International
108,2/25/20 18:10,0,1,International
109,2/25/20 18:02,2,0,International
110,2/25/20 17:55,4,0,International
111,2/25/20 17:54,1,0,International
112,2/25/20 17:25,39,3,International
113,2/25/20 16:12,1,0,International
114,2/25/20 16:05,6,0,International
115,2/25/20 15:20,1,0,International
116,2/25/20 15:15,4,0,International
117,2/25/20 15:14,2,0,International
118,2/25/20 15:13,1,0,International
119,2/25/20 14:59,1,0,International
120,2/25/20 14:23,1,0,International
121,2/25/20 12:50,9,0,International
122,2/25/20 11:50,1,0,International
123,2/25/20 11:43,1,0,International
124,2/25/20 11:04,38,0,International
125,2/25/20 09:44,34,0,International
126,2/25/20 09:25,4,0,International
127,2/25/20 09:14,14,0,International
128,2/25/20 08:53,0,1,International
129,2/25/20 08:04,84,1,International
130,2/25/20 07:47,6,0,International
131,2/25/20 07:36,3,0,International
132,2/25/20 06:30,0,2,International
133,2/25/20 05:45,1,0,International
134,2/25/20 04:51,1,0,International
135,2/25/20 04:50,2,0,International
136,2/25/20 02:05,0,1,International
137,2/25/20 02:02,0,1,International
138,2/25/20 01:15,2,0,International
139,2/25/20 01:05,60,0,International
140,2/25/20 00:51,9,3,China
141,2/25/20 00:50,499,68,China
142,2/24/20 22:22,1,0,International
143,2/24/20 20:50,1,0,International
144,2/24/20 20:45,2,0,International
145,2/24/20 19:15,14,0,International
146,2/24/20 19:14,5,1,International
147,2/24/20 17:45,18,0,International
148,2/24/20 17:20,1,0,International
149,2/24/20 15:00,12,0,International
150,2/24/20 14:35,0,1,International
151,2/24/20 14:13,1,0,International
152,2/24/20 13:45,4,0,International
153,2/24/20 12:54,3,0,International
154,2/24/20 12:01,7,0,International
155,2/24/20 12:00,1,0,International
156,2/24/20 11:10,19,1,International
157,2/24/20 10:52,1,0,International
158,2/24/20 09:23,2,0,International
159,2/24/20 09:17,7,0,International
160,2/24/20 09:13,0,1,International
161,2/24/20 08:57,38,0,International
162,2/24/20 08:20,4,4,International
163,2/24/20 08:05,70,0,International
164,2/24/20 07:57,0,1,International
165,2/24/20 07:35,1,0,International
166,2/24/20 06:23,1,0,International
167,2/24/20 06:18,1,0,International
168,2/24/20 03:05,409,148,China
169,2/24/20 01:19,161,1,International
170,2/22/20 19:21,1,0,International
171,2/22/20 16:40,23,0,International
172,2/22/20 16:36,0,1,International
173,2/22/20 16:15,4,0,International
174,2/22/20 14:38,0,1,China
175,2/22/20 12:30,57,0,International
176,2/22/20 12:01,0,1,International
177,2/22/20 11:55,16,0,International
178,2/22/20 10:54,0,1,International
179,2/22/20 10:25,8,0,International
180,2/22/20 09:53,15,3,International
181,2/22/20 09:25,2,0,International
182,2/22/20 09:19,34,0,International
183,2/22/20 09:11,4,0,International
184,2/22/20 08:58,1,0,International
185,2/22/20 08:08,46,1,International
186,2/22/20 07:30,0,1,China
187,2/22/20 06:50,2,0,International
188,2/22/20 02:45,1,0,International
189,2/22/20 01:57,18,1,China
190,2/22/20 01:15,95,2,International
191,2/22/20 00:18,25,0,International
192,2/21/20 23:47,3,0,International
193,2/21/20 23:15,630,96,China
194,2/21/20 22:44,16,0,International
195,2/21/20 20:36,1,0,International
196,2/21/20 18:08,7,0,International
197,2/21/20 17:30,1,0,International
198,2/21/20 16:10,1,0,International
199,2/21/20 14:47,1,0,International
200,2/21/20 14:48,33,1,International
201,2/21/20 14:47,2,0,International
202,2/21/20 14:45,3,0,International
203,2/21/20 14:10,4,0,International
204,2/21/20 14:00,1,0,International
205,2/21/20 13:30,1,0,International
206,2/21/20 13:10,1,0,International
207,2/21/20 13:05,4,0,International
208,2/21/20 12:47,1,0,International
209,2/21/20 11:30,9,0,International
210,2/21/20 10:35,1,0,International
211,2/21/20 09:09,10,1,International
212,2/21/20 08:17,87,0,International
213,2/21/20 07:59,1,0,International
214,2/21/20 04:30,1,0,International
215,2/21/20 03:05,2,0,International
216,2/21/20 03:00,1,0,International
217,2/21/20 01:01,142,0,International
218,2/21/20 00:46,1,0,International
219,2/21/20 00:45,31,3,China
220,2/21/20 00:45,366,106,China
221,2/20/20 23:52,1,0,International
222,2/20/20 23:51,2,0,International
223,2/20/20 22:35,1,0,International
224,2/20/20 21:05,1,0,International
225,2/20/20 20:30,1,0,International
226,2/20/20 19:50,1,0,International
227,2/20/20 19:20,1,0,International
228,2/20/20 19:10,18,0,International
229,2/20/20 17:21,2,0,International
230,2/20/20 17:15,8,0,International
231,2/20/20 15:48,426,0,China
232,2/20/20 14:22,2,0,International
233,2/20/20 13:33,2,0,International
234,2/20/20 13:30,1,0,International
235,2/20/20 13:00,1,0,International
236,2/20/20 12:44,2,0,International
237,2/20/20 12:21,1,0,International
238,2/20/20 11:55,3,0,International
239,2/20/20 11:45,3,0,International
240,2/20/20 11:40,1,0,International
241,2/20/20 11:37,1,0,International
242,2/20/20 11:35,1,0,International
243,2/20/20 11:15,0,1,International
244,2/20/20 11:06,1,0,International
245,2/20/20 10:25,13,2,International
246,2/20/20 10:05,2,0,International
247,2/20/20 09:01,1,0,China
248,2/20/20 09:00,1,0,China
249,2/20/20 08:01,48,0,International
250,2/20/20 07:00,2,0,International
251,2/20/20 03:18,3,0,International
252,2/20/20 02:26,1,0,China
253,2/20/20 02:25,202,0,China
254,2/20/20 02:07,3,1,China
255,2/20/20 02:06,1,0,China
256,2/20/20 02:05,1,0,China
257,2/20/20 02:04,1,0,China
258,2/20/20 02:03,3,0,China
259,2/20/20 02:02,5,0,China
260,2/20/20 02:00,1,0,China
261,2/20/20 01:59,1,0,China
262,2/20/20 01:58,28,0,China
263,2/20/20 01:57,2,0,China
264,2/20/20 01:56,1,0,China
265,2/20/20 01:50,477,2,China
266,2/20/20 01:02,45,0,International
267,2/20/20 00:35,1,0,International
268,2/19/20 23:52,2,0,International
269,2/19/20 23:51,4,0,International
270,2/19/20 23:49,4,0,International
271,2/19/20 22:59,1,0,International
272,2/19/20 21:10,411,115,China
273,2/19/20 20:33,2,0,International
274,2/19/20 14:21,1,0,International
275,2/19/20 13:43,1,0,International
276,2/19/20 13:05,1,0,China
277,2/19/20 12:00,1,0,International
278,2/19/20 11:55,0,1,China
279,2/19/20 11:25,13,0,International
280,2/19/20 11:00,1,0,International
281,2/19/20 09:38,1,0,International
282,2/19/20 09:37,1,0,International
283,2/19/20 09:36,1,0,International
284,2/19/20 09:35,1,0,International
285,2/19/20 09:30,3,0,International
286,2/19/20 08:21,0,1,International
287,2/19/20 08:15,17,0,International
288,2/19/20 06:29,5,0,International
289,2/19/20 06:15,2,0,International
290,2/19/20 05:00,1,0,China
291,2/19/20 02:50,1,0,China
292,2/19/20 02:40,0,2,International
293,2/19/20 02:31,1,0,International
294,2/19/20 02:10,0,1,China
295,2/19/20 02:05,2,1,China
296,2/19/20 01:57,5,0,China
297,2/19/20 01:53,3,1,China
298,2/19/20 01:49,1,0,China
299,2/19/20 01:47,0,1,China
300,2/19/20 01:44,1,1,China
301,2/19/20 01:35,2,0,China
302,2/19/20 01:33,6,0,China
303,2/19/20 01:30,6,0,China
304,2/19/20 01:24,2,1,China
305,2/19/20 01:18,5,0,China
306,2/19/20 01:12,1,0,China
307,2/19/20 01:10,1,0,China
308,2/19/20 01:03,2,0,China
309,2/19/20 01:02,2,0,China
310,2/19/20 01:01,4,0,China
311,2/19/20 01:00,1,0,China
312,2/19/20 00:59,24,0,International
313,2/18/20 23:20,5,0,International
314,2/18/20 22:50,349,108,China
315,2/18/20 17:01,2,0,International
316,2/18/20 17:00,1,0,International
317,2/18/20 15:00,2,0,International
318,2/18/20 13:10,2,0,China
319,2/18/20 13:01,0,1,China
320,2/18/20 13:00,1,0,International
321,2/18/20 12:25,1,0,International
322,2/18/20 12:15,3,0,International
323,2/18/20 11:45,3,0,International
324,2/18/20 10:32,1,0,International
325,2/18/20 10:31,1,0,International
326,2/18/20 10:10,1,0,International
327,2/18/20 09:53,79,0,International
328,2/18/20 09:10,1,0,International
329,2/18/20 08:40,1,0,International
330,2/18/20 08:04,4,0,International
331,2/18/20 07:35,1,0,International
332,2/18/20 03:22,1,0,International
333,2/18/20 03:09,2,0,International
334,2/18/20 02:05,2,0,China
335,2/18/20 02:00,0,1,International
336,2/18/20 01:22,1,0,China
337,2/18/20 01:20,1,0,China
338,2/18/20 01:09,1,0,China
339,2/18/20 00:59,15,0,International
340,2/18/20 00:58,2,0,China
341,2/18/20 00:54,6,0,China
342,2/18/20 00:51,4,0,China
343,2/18/20 00:50,2,0,China
344,2/18/20 00:44,1,0,China
345,2/18/20 00:37,6,0,China
346,2/18/20 00:23,1,0,China
347,2/18/20 00:20,1,1,China
348,2/18/20 00:18,5,0,China
349,2/18/20 00:11,2,0,China
350,2/18/20 00:09,1,0,China
351,2/18/20 00:08,47,2,China
352,2/17/20 23:55,4,0,China
353,2/17/20 23:08,2,0,China
354,2/17/20 22:30,693,132,China
355,2/17/20 19:30,1,0,China
356,2/17/20 16:00,0,1,China
357,2/17/20 16:00,1,0,China
358,2/17/20 15:50,1,0,International
359,2/17/20 13:10,1,0,International
360,2/17/20 12:03,3,0,International
361,2/17/20 12:02,1,0,International
362,2/17/20 12:01,3,0,International
363,2/17/20 12:00,4,0,International
364,2/17/20 10:00,88,0,International
365,2/17/20 05:23,1,0,International
366,2/17/20 04:16,0,1,China
367,2/17/20 03:15,2,0,China
368,2/17/20 03:00,6,0,China
369,2/17/20 02:01,1,0,China
370,2/17/20 01:46,7,0,China
371,2/17/20 01:45,13,0,China
372,2/17/20 01:42,2,0,China
373,2/17/20 01:30,3,0,China
374,2/17/20 01:05,1,0,China
375,2/17/20 01:03,6,0,China
376,2/17/20 01:02,3,0,China
377,2/17/20 01:01,1,0,International
378,2/17/20 00:42,9,0,China
379,2/16/20 23:59,77,5,China
380,2/16/20 23:34,1,0,China
381,2/16/20 22:49,807,93,China
382,2/16/20 21:00,1,0,China
383,2/16/20 18:00,1,0,China
384,2/16/20 14:06,2,0,International
385,2/16/20 13:40,1,0,International
386,2/16/20 12:16,3,0,International
387,2/16/20 12:10,2,0,International
388,2/16/20 08:58,85,0,International
389,2/16/20 07:14,4,0,International
390,2/16/20 06:55,14,0,International
391,2/16/20 05:30,1,0,International
392,2/16/20 03:04,1,0,China
393,2/16/20 02:51,1,0,International
394,2/16/20 02:35,1,0,International
395,2/16/20 01:11,4,0,China
396,2/16/20 01:08,5,0,China
397,2/16/20 01:00,1,0,International
398,2/16/20 01:00,9,0,China
399,2/16/20 00:59,34,2,China
400,2/16/20 00:44,2,0,China
401,2/16/20 00:43,1,0,China
402,2/16/20 00:30,11,0,China
403,2/16/20 00:29,14,0,China
404,2/16/20 00:24,15,3,China
405,2/16/20 00:09,4,0,China
406,2/15/20 23:58,12,0,China
407,2/15/20 23:39,3,0,China
408,2/15/20 22:50,4,0,China
409,2/15/20 22:48,933,100,China
410,2/15/20 19:30,1,0,International
411,2/15/20 12:50,3,0,International
412,2/15/20 11:01,2,1,International
413,2/15/20 10:29,1,0,International
414,2/15/20 10:22,5,0,International
415,2/15/20 09:20,1,0,International
416,2/15/20 07:05,2,0,China
417,2/15/20 07:00,3,0,China
418,2/15/20 02:15,5,0,China
419,2/15/20 02:10,13,0,China
420,2/15/20 01:35,70,0,International
421,2/15/20 01:24,12,0,China
422,2/15/20 01:22,12,0,China
423,2/15/20 01:18,5,0,China
424,2/15/20 01:13,22,0,China
425,2/15/20 01:05,2,0,China
426,2/15/20 01:01,1,0,International
427,2/15/20 00:55,1,0,China
428,2/15/20 00:53,100,1,China
429,2/15/20 00:44,20,0,China
430,2/15/20 00:41,11,2,China
431,2/15/20 00:10,19,0,China
432,2/15/20 00:06,5,0,China
433,2/14/20 23:07,6,0,China
434,2/14/20 22:15,843,139,China
435,2/14/20 20:34,1,0,International
436,2/14/20 15:55,1,0,International
437,2/14/20 13:01,5,0,International
438,2/14/20 12:15,1,0,International
439,2/14/20 10:07,2,0,China
440,2/14/20 10:06,1,0,China
441,2/14/20 09:05,8,0,International
442,2/14/20 08:47,67,0,International
443,2/14/20 07:03,2,0,International
444,2/14/20 06:05,1,0,International
445,2/14/20 05:19,2,0,International
446,2/14/20 04:30,3,1,China
447,2/14/20 04:18,1,0,China
448,2/14/20 03:18,1,0,International
449,2/14/20 02:33,7,0,China
450,2/14/20 02:25,7,0,China
451,2/14/20 02:20,11,0,China
452,2/14/20 02:02,13,0,China
453,2/14/20 02:00,16,0,China
454,2/14/20 01:55,13,0,China
455,2/14/20 01:52,7,0,China
456,2/14/20 01:51,28,0,China
457,2/14/20 01:04,33,0,China
458,2/14/20 00:10,193,3,China
459,2/13/20 23:45,8,0,China
460,2/13/20 23:35,7,0,China
461,2/13/20 23:30,5,0,China
462,2/13/20 23:10,420,139,China
463,2/13/20 17:00,1,0,International
464,2/13/20 14:03,1,0,International
465,2/13/20 14:00,1,0,International
466,2/13/20 13:54,1,0,International
467,2/13/20 13:50,1,0,International
468,2/13/20 11:05,9,0,International
469,2/13/20 10:09,2,0,International
470,2/13/20 09:15,3,0,International
471,2/13/20 08:47,3,1,China
472,2/13/20 08:02,4,0,China
473,2/13/20 07:51,1,0,International
474,2/13/20 03:25,267,5,China
475,2/13/20 00:43,1,0,International
476,2/12/20 23:45,823,116,China
477,2/12/20 14:50,3,0,International
478,2/12/20 15:10,1,0,International
479,2/12/20 12:40,1,0,International
480,2/12/20 11:55,1,0,International
481,2/12/20 11:36,8,0,International
482,2/12/20 11:15,1,0,International
483,2/12/20 10:13,1,0,International
484,2/12/20 09:05,1,0,International
485,2/12/20 08:15,312,12,China
486,2/12/20 05:15,1,0,International
487,2/12/20 03:10,44,0,International
488,2/12/20 00:25,1,0,International
489,2/11/20 23:48,840,242,China
490,2/11/20 18:53,1,0,International
491,2/11/20 08:24,1,0,International
492,2/11/20 07:00,3,0,International
493,2/11/20 02:53,1,0,International
494,2/11/20 02:14,377,3,China
495,2/10/20 23:55,39,0,International
496,2/10/20 22:17,638,94,China
497,2/10/20 21:01,1,0,International
498,2/10/20 19:25,2,0,International
499,2/10/20 16:10,7,0,International
500,2/10/20 14:59,2,0,International
501,2/10/20 06:57,2,0,International
502,2/10/20 02:37,1,0,International
503,2/10/20 01:14,1,0,International
504,2/10/20 01:00,1,0,International
505,2/10/20 00:13,370,5,China
506,2/9/20 22:10,97,103,China
507,2/9/20 17:56,1,0,International
508,2/9/20 16:00,4,0,International
509,2/9/20 14:20,2,0,International
510,2/9/20 12:30,2,0,International
511,2/9/20 09:46,4,0,International
512,2/9/20 05:13,65,0,International
513,2/9/20 01:01,1,0,International
514,2/8/20 23:53,419,6,China
515,2/8/20 22:15,531,91,China
516,2/8/20 19:01,3,0,International
517,2/8/20 19:00,7,0,International
518,2/8/20 11:56,3,0,International
519,2/8/20 11:40,1,0,International
520,2/8/20 09:28,1,0,International
521,2/8/20 08:06,1,0,International
522,2/8/20 08:02,2,0,International
523,2/8/20 07:45,9,0,China
524,2/8/20 07:18,6,0,International
525,2/8/20 06:26,1,0,International
526,2/8/20 06:19,1,0,International
527,2/8/20 05:00,2,0,China
528,2/8/20 03:33,1,0,China
529,2/8/20 03:25,11,0,China
530,2/8/20 03:19,11,0,China
531,2/8/20 03:06,1,0,International
532,2/8/20 02:07,13,0,China
533,2/8/20 02:04,2,0,China
534,2/8/20 01:55,19,0,China
535,2/8/20 01:26,25,0,China
536,2/8/20 01:25,4,0,China
537,2/8/20 01:22,42,0,China
538,2/8/20 01:07,3,0,China
539,2/8/20 01:02,1,0,International
540,2/8/20 01:00,27,0,China
541,2/8/20 00:45,7,0,China
542,2/8/20 00:44,29,0,China
543,2/8/20 00:36,35,0,China
544,2/8/20 00:33,23,0,China
545,2/8/20 00:18,9,0,China
546,2/8/20 00:17,2,0,China
547,2/8/20 00:16,11,1,China
548,2/8/20 00:15,441,7,China
549,2/7/20 23:51,6,0,China
550,2/7/20 23:08,18,0,China
551,2/7/20 22:10,147,81,China
552,2/7/20 19:56,12,0,China
553,2/7/20 19:40,7,0,International
554,2/7/20 14:50,8,0,China
555,2/7/20 10:50,0,1,China
556,2/7/20 10:46,1,0,International
557,2/7/20 09:36,5,0,International
558,2/7/20 08:05,20,0,China
559,2/7/20 07:53,2,0,China
560,2/7/20 07:09,9,0,China
561,2/7/20 06:51,4,0,China
562,2/7/20 05:59,5,0,China
563,2/7/20 05:58,7,0,International
564,2/7/20 03:28,1,0,International
565,2/7/20 03:26,3,0,China
566,2/7/20 03:14,15,0,China
567,2/7/20 03:08,2,0,China
568,2/7/20 03:07,18,1,China
569,2/7/20 03:01,7,0,China
570,2/7/20 02:22,11,0,China
571,2/7/20 02:10,2,0,China
572,2/7/20 02:03,9,0,China
573,2/7/20 02:00,41,0,China
574,2/7/20 01:43,8,0,China
575,2/7/20 01:05,37,0,China
576,2/7/20 01:03,42,0,China
577,2/7/20 00:54,68,0,China
578,2/7/20 00:53,31,0,China
579,2/7/20 00:46,31,0,China
580,2/7/20 00:45,19,0,China
581,2/7/20 00:33,21,0,China
582,2/7/20 00:32,3,0,International
583,2/7/20 00:21,4,0,China
584,2/7/20 00:20,11,0,China
585,2/7/20 00:19,24,0,China
586,2/7/20 00:05,498,5,China
587,2/6/20 23:56,2,0,China
588,2/6/20 23:53,4,0,China
589,2/6/20 23:15,2,0,International
590,2/6/20 23:09,11,0,China
591,2/6/20 22:05,841,80,China
592,2/6/20 20:12,1,0,International
593,2/6/20 20:07,8,0,China
594,2/6/20 19:00,1,0,International
595,2/6/20 16:06,4,0,China
596,2/6/20 15:04,3,0,China
597,2/6/20 14:30,1,0,International
598,2/6/20 11:59,1,0,China
599,2/6/20 10:37,4,0,China
600,2/6/20 10:30,1,0,China
601,2/6/20 10:29,1,0,China
602,2/6/20 10:28,4,0,China
603,2/6/20 10:21,16,0,China
604,2/6/20 10:15,1,0,International
605,2/6/20 09:41,3,0,International
606,2/6/20 09:02,1,0,International
607,2/6/20 08:04,7,0,China
608,2/6/20 06:16,1,0,China
609,2/6/20 06:15,50,0,China
610,2/6/20 05:50,8,0,China
611,2/6/20 03:31,6,0,China
612,2/6/20 03:30,9,0,China
613,2/6/20 02:54,23,0,China
614,2/6/20 02:02,11,0,China
615,2/6/20 01:45,4,0,China
616,2/6/20 01:44,3,0,China
617,2/6/20 01:43,3,0,China
618,2/6/20 01:41,3,0,China
619,2/6/20 01:40,2,0,China
620,2/6/20 01:06,61,0,China
621,2/6/20 01:05,61,0,China
622,2/6/20 01:00,52,0,China
623,2/6/20 00:43,35,0,China
624,2/6/20 00:40,74,0,China
625,2/6/20 00:39,41,0,International
626,2/6/20 00:28,23,0,China
627,2/6/20 00:26,1,0,International
628,2/6/20 00:11,14,0,China
629,2/6/20 00:08,4,0,China
630,2/6/20 00:07,32,0,China
631,2/6/20 00:06,625,4,China
632,2/5/20 23:46,12,0,China
633,2/5/20 23:02,11,0,China
634,2/5/20 22:53,2,0,International
635,2/5/20 22:10,1,0,International
636,2/5/20 22:15,2,0,China
637,2/5/20 22:09,447,69,China
638,2/5/20 18:58,0,1,China
639,2/5/20 18:51,6,0,China
640,2/5/20 16:51,5,0,China
641,2/5/20 16:22,1,0,China
642,2/5/20 14:30,3,0,International
643,2/5/20 14:19,2,0,International
644,2/5/20 14:01,2,0,International
645,2/5/20 13:49,3,0,China
646,2/5/20 13:19,1,0,International
647,2/5/20 13:13,1,0,International
648,2/5/20 13:02,2,0,International
649,2/5/20 11:21,4,0,China
650,2/5/20 11:15,3,0,China
651,2/5/20 11:10,9,0,China
652,2/5/20 11:06,1,0,China
653,2/5/20 11:05,1,0,International
654,2/5/20 10:50,11,0,China
655,2/5/20 10:42,26,0,China
656,2/5/20 10:34,5,0,China
657,2/5/20 10:28,2,0,International
658,2/5/20 10:17,2,0,China
659,2/5/20 10:09,2,0,China
660,2/5/20 09:30,1,0,International
661,2/5/20 09:01,2,0,International
662,2/5/20 04:57,10,0,China
663,2/5/20 02:36,21,0,China
664,2/5/20 02:01,8,0,China
665,2/5/20 01:35,4,0,China
666,2/5/20 01:33,6,0,China
667,2/5/20 01:12,74,0,China
668,2/5/20 01:11,52,0,China
669,2/5/20 01:10,59,0,China
670,2/5/20 01:01,1,0,China
671,2/5/20 01:00,6,0,China
672,2/5/20 00:49,37,1,China
673,2/5/20 00:48,32,0,China
674,2/5/20 00:47,50,0,China
675,2/5/20 00:43,4,0,China
676,2/5/20 00:42,61,0,China
677,2/5/20 00:41,20,0,China
678,2/5/20 00:27,5,0,China
679,2/5/20 00:26,87,0,China
680,2/5/20 00:11,18,0,China
681,2/5/20 00:08,36,0,China
682,2/5/20 00:05,5,0,China
683,2/5/20 00:00,22,0,China
684,2/4/20 23:49,10,0,International
685,2/4/20 23:41,11,0,China
686,2/4/20 23:40,13,0,China
687,2/4/20 23:39,9,0,China
688,2/4/20 23:38,4,0,China
689,2/4/20 23:37,660,1,China
690,2/4/20 23:06,4,0,International
691,2/4/20 22:10,987,70,China
692,2/4/20 19:06,10,0,China
693,2/4/20 19:05,0,1,China
694,2/4/20 19:04,1,0,China
695,2/4/20 19:03,1,0,International
696,2/4/20 19:02,1,0,International
697,2/4/20 19:01,1,0,International
698,2/4/20 19:00,1,0,International
699,2/4/20 19:00,10,0,China
700,2/4/20 17:30,7,0,China
701,2/4/20 17:13,4,0,International
702,2/4/20 11:09,2,0,International
703,2/4/20 10:01,1,0,International
704,2/4/20 09:32,2,0,China
705,2/4/20 09:31,9,0,China
706,2/4/20 09:22,3,0,International
707,2/4/20 06:12,10,0,China
708,2/4/20 05:56,25,0,China
709,2/4/20 05:51,1,0,International
710,2/4/20 05:10,2,1,China
711,2/4/20 03:29,23,0,China
712,2/4/20 03:07,11,0,China
713,2/4/20 02:00,11,0,China
714,2/4/20 01:33,3,0,China
715,2/4/20 01:31,57,0,China
716,2/4/20 01:21,7,0,China
717,2/4/20 01:12,72,0,China
718,2/4/20 01:11,66,0,China
719,2/4/20 00:59,35,0,China
720,2/4/20 00:56,6,0,China
721,2/4/20 00:52,33,0,China
722,2/4/20 00:50,2,0,China
723,2/4/20 00:46,68,0,China
724,2/4/20 00:44,50,0,China
725,2/4/20 00:35,89,0,China
726,2/4/20 00:33,23,0,China
727,2/4/20 00:31,19,0,China
728,2/4/20 00:22,2,0,International
729,2/4/20 00:11,12,0,China
730,2/4/20 00:03,9,0,China
731,2/4/20 00:00,11,0,China
732,2/3/20 23:58,14,0,China
733,2/3/20 23:57,22,0,China
734,2/3/20 23:56,7,0,China
735,2/3/20 23:55,3,0,China
736,2/3/20 23:14,10,0,International
737,2/3/20 22:13,156,65,China
738,2/3/20 21:40,1,0,International
739,2/3/20 17:54,1,0,International
740,2/3/20 16:49,1,0,International
741,2/3/20 16:13,1,0,International
742,2/3/20 14:01,1,0,International
743,2/3/20 13:55,2,0,China
744,2/3/20 13:50,4,0,China
745,2/3/20 13:12,1,0,International
746,2/3/20 12:15,1,0,China
747,2/3/20 11:18,16,0,China
748,2/3/20 11:17,1,0,International
749,2/3/20 10:25,6,0,International
750,2/3/20 10:19,2,0,China
751,2/3/20 10:05,6,0,International
752,2/3/20 09:43,2,0,International
753,2/3/20 09:20,1,0,International
754,2/3/20 09:15,16,0,China
755,2/3/20 08:58,1,0,International
756,2/3/20 08:09,7,0,China
757,2/3/20 07:42,2,0,International
758,2/3/20 07:38,3,0,China
759,2/3/20 07:35,1,0,China
760,2/3/20 07:20,5,0,China
761,2/3/20 06:14,11,0,China
762,2/3/20 06:13,5,0,China
763,2/3/20 05:58,1,0,International
764,2/3/20 03:22,15,0,China
765,2/3/20 03:09,6,0,China
766,2/3/20 02:55,1,0,International
767,2/3/20 02:50,1,0,International
768,2/3/20 02:46,1,0,International
769,2/3/20 02:45,0,1,International
770,2/3/20 02:22,1,0,China
771,2/3/20 02:13,14,0,China
772,2/3/20 02:03,3,0,China
773,2/3/20 01:57,72,0,China
774,2/3/20 01:42,72,0,China
775,2/3/20 01:20,85,0,China
776,2/3/20 01:07,2,0,China
777,2/3/20 01:05,105,0,China
778,2/3/20 01:00,5,0,China
779,2/3/20 00:56,28,0,China
780,2/3/20 00:48,37,0,China
781,2/3/20 00:44,11,0,China
782,2/3/20 00:38,7,0,China
783,2/3/20 00:37,109,0,China
784,2/3/20 00:33,10,0,China
785,2/3/20 00:27,37,0,China
786,2/3/20 00:25,72,0,China
787,2/3/20 00:09,12,0,China
788,2/3/20 00:08,11,0,China
789,2/2/20 23:59,13,0,China
790,2/2/20 23:59,5,0,China
791,2/2/20 23:57,750,0,China
792,2/2/20 22:48,25,0,China
793,2/2/20 22:25,8,0,China
794,2/2/20 22:10,345,64,China
795,2/2/20 20:07,1,0,International
796,2/2/20 20:00,1,0,International
797,2/2/20 15:32,1,0,China
798,2/2/20 15:07,4,0,China
799,2/2/20 13:18,4,0,China
800,2/2/20 11:47,1,0,China
801,2/2/20 09:02,24,0,China
802,2/2/20 08:25,42,0,China
803,2/2/20 08:21,5,0,China
804,2/2/20 08:10,12,0,China
805,2/2/20 07:59,13,0,China
806,2/2/20 06:48,1,0,International
807,2/2/20 06:42,4,0,China
808,2/2/20 06:40,10,0,China
809,2/2/20 05:11,3,0,China
810,2/2/20 05:10,2,0,China
811,2/2/20 03:16,1,0,International
812,2/2/20 03:15,20,0,China
813,2/2/20 02:33,7,0,China
814,2/2/20 02:25,6,0,China
815,2/2/20 02:13,12,0,China
816,2/2/20 02:09,3,0,China
817,2/2/20 02:07,3,0,China
818,2/2/20 01:30,2,0,China
819,2/2/20 01:23,58,0,China
820,2/2/20 01:18,51,0,China
821,2/2/20 01:16,23,0,China
822,2/2/20 01:10,59,0,China
823,2/2/20 01:04,63,0,China
824,2/2/20 01:02,3,0,China
825,2/2/20 01:01,16,0,China
826,2/2/20 01:00,35,0,China
827,2/2/20 00:59,8,0,China
828,2/2/20 00:58,23,0,China
829,2/2/20 00:57,73,0,China
830,2/2/20 00:56,68,0,China
831,2/2/20 00:55,2,0,International
832,2/2/20 00:33,8,0,China
833,2/2/20 00:06,9,0,China
834,2/2/20 00:00,16,0,China
835,2/1/20 23:57,11,0,China
836,2/1/20 23:54,593,0,China
837,2/1/20 23:35,25,1,China
838,2/1/20 23:05,10,0,China
839,2/1/20 22:08,103,56,China
840,2/1/20 21:34,1,0,International
841,2/1/20 16:04,11,0,China
842,2/1/20 14:55,1,0,China
843,2/1/20 13:38,1,0,International
844,2/1/20 10:18,6,0,China
845,2/1/20 10:03,2,0,International
846,2/1/20 08:51,13,0,China
847,2/1/20 08:50,5,0,China
848,2/1/20 08:44,5,0,China
849,2/1/20 08:41,8,0,China
850,2/1/20 08:30,28,0,China
851,2/1/20 06:57,6,0,China
852,2/1/20 06:51,6,0,China
853,2/1/20 06:44,4,0,China
854,2/1/20 06:32,15,0,China
855,2/1/20 06:25,15,0,China
856,2/1/20 06:06,15,0,China
857,2/1/20 06:05,5,0,China
858,2/1/20 06:00,7,0,China
859,2/1/20 05:44,1,0,International
860,2/1/20 05:15,2,0,China
861,2/1/20 05:10,8,0,China
862,2/1/20 05:00,74,0,China
863,2/1/20 04:50,2,0,China
864,2/1/20 04:49,15,0,China
865,2/1/20 04:48,62,0,China
866,2/1/20 04:47,47,0,China
867,2/1/20 04:46,69,0,China
868,2/1/20 04:45,43,0,China
869,2/1/20 04:44,34,0,China
870,2/1/20 04:43,19,0,China
871,2/1/20 04:42,24,0,China
872,2/1/20 04:41,3,0,China
873,2/1/20 04:40,1,0,International
874,2/1/20 03:48,1,0,International
875,2/1/20 02:37,1,0,International
876,2/1/20 00:55,3,0,International
877,2/1/20 00:32,71,0,China
878,2/1/20 00:29,9,0,China
879,2/1/20 00:02,8,0,China
880,2/1/20 00:00,11,0,China
881,1/31/20 23:57,557,0,China
882,1/31/20 23:32,5,0,China
883,1/31/20 23:31,1,0,China
884,1/31/20 23:30,8,0,China
885,1/31/20 23:10,15,0,China
886,1/31/20 22:13,9,0,China
887,1/31/20 22:12,1,0,International
888,1/31/20 22:11,4,0,China
889,1/31/20 22:10,921,45,China
890,1/31/20 21:22,1,0,International
891,1/31/20 21:20,1,0,International
892,1/31/20 15:55,1,0,International
893,1/31/20 14:51,3,0,International
894,1/31/20 11:31,2,0,International
895,1/31/20 10:02,3,0,China
896,1/31/20 09:20,12,0,China
897,1/31/20 09:12,5,0,China
898,1/31/20 08:33,15,0,China
899,1/31/20 07:54,9,0,China
900,1/31/20 07:50,2,0,International
901,1/31/20 07:45,4,0,China
902,1/31/20 05:56,16,0,China
903,1/31/20 05:34,3,0,China
904,1/31/20 04:30,8,0,China
905,1/31/20 04:20,17,0,China
906,1/31/20 03:40,1,0,International
907,1/31/20 03:25,57,0,China
908,1/31/20 03:13,24,0,China
909,1/31/20 03:00,3,0,China
910,1/31/20 02:45,1,0,China
911,1/31/20 02:40,15,0,China
912,1/31/20 02:33,5,0,China
913,1/31/20 02:20,8,0,China
914,1/31/20 02:06,84,0,China
915,1/31/20 02:00,21,0,China
916,1/31/20 01:58,1,0,China
917,1/31/20 01:55,2,0,China
918,1/31/20 01:52,62,0,China
919,1/31/20 01:51,3,0,China
920,1/31/20 01:50,60,0,China
921,1/31/20 01:45,1,0,International
922,1/31/20 00:50,1,0,International
923,1/31/20 00:49,34,0,China
924,1/31/20 00:47,70,0,China
925,1/31/20 00:37,47,0,China
926,1/31/20 00:30,30,0,China
927,1/31/20 00:22,18,0,China
928,1/31/20 00:15,13,0,China
929,1/31/20 00:11,14,0,China
930,1/31/20 00:04,18,0,China
931,1/31/20 00:02,611,0,China
932,1/30/20 23:25,8,0,China
933,1/30/20 23:13,27,1,China
934,1/30/20 22:33,1,0,International
935,1/30/20 22:20,347,45,China
936,1/30/20 21:29,1,0,International
937,1/30/20 20:07,1,0,International
938,1/30/20 20:06,1,0,International
939,1/30/20 20:05,6,0,China
940,1/30/20 20:04,12,0,China
941,1/30/20 20:03,1,0,International
942,1/30/20 20:01,1,0,International
943,1/30/20 20:00,1,0,International
944,1/30/20 13:27,1,0,International
945,1/30/20 12:38,1,0,International
946,1/30/20 12:13,3,0,International
947,1/30/20 10:19,1,0,International
948,1/30/20 09:43,5,0,International
949,1/30/20 09:33,1,0,International
950,1/30/20 09:15,14,0,China
951,1/30/20 09:08,43,0,China
952,1/30/20 09:00,7,0,China
953,1/30/20 07:48,5,0,China
954,1/30/20 07:33,3,0,China
955,1/30/20 07:04,6,0,China
956,1/30/20 06:15,4,0,International
957,1/30/20 05:51,3,0,China
958,1/30/20 05:50,19,0,China
959,1/30/20 05:30,7,0,China
960,1/30/20 04:20,4,0,China
961,1/30/20 04:13,11,0,China
962,1/30/20 02:38,2,0,China
963,1/30/20 02:36,24,0,China
964,1/30/20 02:17,1,0,China
965,1/30/20 02:14,3,0,China
966,1/30/20 01:43,4,0,China
967,1/30/20 01:39,55,0,China
968,1/30/20 01:20,3,0,China
969,1/30/20 01:17,15,0,China
970,1/30/20 01:10,39,0,China
971,1/30/20 01:05,109,0,China
972,1/30/20 00:55,3,0,China
973,1/30/20 00:52,74,0,China
974,1/30/20 00:50,39,0,China
975,1/30/20 00:48,20,0,China
976,1/30/20 00:45,37,0,China
977,1/30/20 00:44,78,0,China
978,1/30/20 00:43,36,0,China
979,1/30/20 00:25,17,0,China
980,1/30/20 00:24,16,0,China
981,1/30/20 00:23,9,0,China
982,1/30/20 00:22,4,0,China
983,1/30/20 00:21,1,0,International
984,1/29/20 23:54,622,0,China
985,1/29/20 23:35,24,0,China
986,1/29/20 22:41,4,0,China
987,1/29/20 22:40,903,42,China
988,1/29/20 21:50,1,0,International
989,1/29/20 21:32,1,0,International
990,1/29/20 19:00,1,0,International
991,1/29/20 18:06,1,0,International
992,1/29/20 17:20,2,0,International
993,1/29/20 17:10,3,0,China
994,1/29/20 16:05,7,0,China
995,1/29/20 15:45,317,0,China
996,1/29/20 15:40,1,1,China
997,1/29/20 15:34,6,0,China
998,1/29/20 14:13,1,0,China
999,1/29/20 13:45,3,0,International
1000,1/29/20 13:40,1,0,International
1001,1/29/20 13:30,1,0,International
1002,1/29/20 12:36,1,0,International
1003,1/29/20 12:06,1,0,International
1004,1/29/20 10:36,1,0,China
1005,1/29/20 10:35,2,0,China
1006,1/29/20 10:29,1,0,International
1007,1/29/20 10:15,1,0,International
1008,1/29/20 09:49,3,0,International
1009,1/29/20 08:33,2,0,International
1010,1/29/20 08:30,43,0,China
1011,1/29/20 08:21,17,0,China
1012,1/29/20 08:08,1,0,International
1013,1/29/20 08:04,1,0,International
1014,1/29/20 07:25,13,0,China
1015,1/29/20 06:25,11,0,China
1016,1/29/20 05:43,1,0,International
1017,1/29/20 05:02,1,0,China
1018,1/29/20 05:01,2,0,China
1019,1/29/20 04:50,5,0,China
1020,1/29/20 03:05,3,0,China
1021,1/29/20 02:10,2,0,China
1022,1/29/20 02:07,7,0,China
1023,1/29/20 02:02,1,0,China
1024,1/29/20 02:00,17,0,China
1025,1/29/20 01:50,15,0,China
1026,1/29/20 01:30,2,0,China
1027,1/29/20 01:29,3,0,China
1028,1/29/20 01:19,6,0,China
1029,1/29/20 01:11,39,0,China
1030,1/29/20 01:10,132,0,China
1031,1/29/20 01:08,56,0,China
1032,1/29/20 01:07,5,0,China
1033,1/29/20 00:52,1,0,China
1034,1/29/20 00:50,30,0,China
1035,1/29/20 00:48,3,0,China
1036,1/29/20 00:48,72,0,China
1037,1/29/20 00:40,15,0,China
1038,1/29/20 00:33,48,0,China
1039,1/29/20 00:25,34,1,China
1040,1/29/20 00:16,20,0,China
1041,1/29/20 00:15,17,0,China
1042,1/29/20 00:14,5,0,China
1043,1/29/20 00:13,3,0,International
1044,1/28/20 23:48,536,1,China
1045,1/28/20 23:41,18,0,China
1046,1/28/20 23:14,8,0,China
1047,1/28/20 23:13,53,0,China
1048,1/28/20 22:24,32,37,China
1049,1/28/20 19:32,1,0,International
1050,1/28/20 18:30,1,0,International
1051,1/28/20 16:00,2,0,International
1052,1/28/20 15:11,9,0,China
1053,1/28/20 14:01,1,0,International
1054,1/28/20 11:27,3,0,International
1055,1/28/20 09:50,2,0,China
1056,1/28/20 09:56,4,0,China
1057,1/28/20 09:11,1,0,International
1058,1/28/20 08:32,31,0,China
1059,1/28/20 07:50,2,0,China
1060,1/28/20 07:30,9,0,China
1061,1/28/20 07:20,16,0,China
1062,1/28/20 06:05,1,0,International
1063,1/28/20 05:32,2,0,China
1064,1/28/20 05:31,11,0,China
1065,1/28/20 05:04,1,0,International
1066,1/28/20 04:47,1,0,China
1067,1/28/20 04:40,7,0,China
1068,1/28/20 03:25,10,0,China
1069,1/28/20 02:55,1,0,China
1070,1/28/20 02:50,1,0,China
1071,1/28/20 02:30,1,0,China
1072,1/28/20 01:25,15,0,China
1073,1/28/20 01:24,2,0,China
1074,1/28/20 01:24,3,0,China
1075,1/28/20 01:13,34,0,China
1076,1/28/20 01:12,5,0,China
1077,1/28/20 01:11,7,0,China
1078,1/28/20 01:09,1,0,China
1079,1/28/20 01:08,15,0,China
1080,1/28/20 01:01,78,0,China
1081,1/28/20 01:00,18,0,China
1082,1/28/20 00:50,123,0,China
1083,1/28/20 00:49,46,0,China
1084,1/28/20 00:47,29,0,China
1085,1/28/20 00:24,26,0,China
1086,1/28/20 00:19,3,0,China
1087,1/28/20 00:18,38,1,China
1088,1/28/20 00:15,469,1,China
1089,1/28/20 00:07,7,0,China
1090,1/28/20 00:05,2,0,China
1091,1/28/20 00:05,14,0,China
1092,1/27/20 23:10,1,0,International
1093,1/27/20 23:00,3,0,International
1094,1/27/20 22:37,1,0,International
1095,1/27/20 22:36,1,0,International
1096,1/27/20 22:35,1,0,International
1097,1/27/20 22:32,840,25,China
1098,1/27/20 20:25,3,0,International
1099,1/27/20 19:40,7,0,China
1100,1/27/20 18:35,1,0,International
1101,1/27/20 17:47,37,0,China
1102,1/27/20 12:33,7,0,China
1103,1/27/20 11:55,4,0,China
1104,1/27/20 10:22,19,0,China
1105,1/27/20 09:06,2,0,International
1106,1/27/20 08:18,2,0,International
1107,1/27/20 07:58,11,0,China
1108,1/27/20 07:35,8,0,China
1109,1/27/20 07:32,2,0,China
1110,1/27/20 07:14,11,0,China
1111,1/27/20 06:51,2,0,International
1112,1/27/20 06:41,18,0,China
1113,1/27/20 05:46,6,0,International
1114,1/27/20 05:14,14,0,China
1115,1/27/20 04:04,3,0,China
1116,1/27/20 03:45,1,0,China
1117,1/27/20 02:25,43,0,China
1118,1/27/20 02:18,7,0,China
1119,1/27/20 02:13,2,0,China
1120,1/27/20 02:08,2,0,China
1121,1/27/20 02:05,4,0,China
1122,1/27/20 01:59,37,0,China
1123,1/27/20 01:54,15,0,China
1124,1/27/20 01:48,45,0,China
1125,1/27/20 01:43,5,0,China
1126,1/27/20 01:38,5,0,China
1127,1/27/20 01:32,9,0,China
1128,1/27/20 01:25,21,0,China
1129,1/27/20 01:18,22,0,China
1130,1/27/20 01:13,36,0,China
1131,1/27/20 01:10,23,0,China
1132,1/27/20 01:05,2,0,China
1133,1/27/20 00:30,12,0,China
1134,1/27/20 00:18,40,0,China
1135,1/27/20 00:06,6,0,China
1136,1/27/20 00:04,13,0,China
1137,1/26/20 23:18,1,0,International
1138,1/26/20 22:02,24,0,China
1139,1/26/20 21:56,1,0,International
1140,1/26/20 19:30,1,0,International
1141,1/26/20 19:26,7,0,China
1142,1/26/20 16:00,5,0,China
1143,1/26/20 15:30,8,1,China
1144,1/26/20 15:17,3,0,China
1145,1/26/20 15:11,1,0,International
1146,1/26/20 14:45,2,0,China
1147,1/26/20 12:18,1,0,International
1148,1/26/20 12:15,1,0,International
1149,1/26/20 10:45,2,0,China
1150,1/26/20 10:30,5,0,China
1151,1/26/20 10:30,7,0,China
1152,1/26/20 09:53,3,0,China
1153,1/26/20 09:18,1,0,China
1154,1/26/20 07:30,4,0,China
1155,1/26/20 07:05,4,0,China
1156,1/26/20 06:55,1,0,International
1157,1/26/20 06:01,12,0,China
1158,1/26/20 05:30,21,0,China
1159,1/26/20 05:00,3,0,China
1160,1/26/20 04:57,9,1,China
1161,1/26/20 04:44,1,0,International
1162,1/26/20 03:10,13,0,China
1163,1/26/20 03:00,1,0,China
1164,1/26/20 02:36,1,0,International
1165,1/26/20 01:37,2,0,China
1166,1/26/20 01:34,25,0,China
1167,1/26/20 01:27,5,0,China
1168,1/26/20 01:23,24,0,China
1169,1/26/20 01:16,1,0,China
1170,1/26/20 01:11,7,0,China
1171,1/26/20 01:07,2,0,China
1172,1/26/20 01:05,3,0,China
1173,1/26/20 01:03,5,0,China
1174,1/26/20 01:02,35,0,China
1175,1/26/20 00:57,35,0,China
1176,1/26/20 00:45,10,0,China
1177,1/26/20 00:44,14,0,China
1178,1/26/20 00:39,17,0,China
1179,1/26/20 00:33,31,0,China
1180,1/26/20 00:23,45,0,China
1181,1/26/20 00:17,13,0,China
1182,1/26/20 00:10,4,0,China
1183,1/25/20 23:55,302,0,China
1184,1/25/20 23:05,371,24,China
1185,1/25/20 23:04,4,0,China
1186,1/25/20 20:08,1,0,International
1187,1/25/20 18:50,1,0,International
1188,1/25/20 17:42,2,0,International
1189,1/25/20 17:07,12,0,China
1190,1/25/20 17:00,1,0,International
1191,1/25/20 17:00,1,0,China
1192,1/25/20 15:59,3,0,China
1193,1/25/20 15:30,5,0,China
1194,1/25/20 15:10,2,0,China
1195,1/25/20 14:00,3,0,International
1196,1/25/20 13:35,1,0,China
1197,1/25/20 13:08,5,0,China
1198,1/25/20 12:14,1,0,International
1199,1/25/20 11:55,9,0,China
1200,1/25/20 11:53,1,0,China
1201,1/25/20 11:52,6,0,China
1202,1/25/20 10:55,1,0,International
1203,1/25/20 10:16,13,0,China
1204,1/25/20 10:01,3,0,China
1205,1/25/20 08:49,2,0,China
1206,1/25/20 08:43,1,0,International
1207,1/25/20 07:40,1,0,International
1208,1/25/20 07:33,1,0,China
1209,1/25/20 07:29,1,0,China
1210,1/25/20 07:24,7,0,China
1211,1/25/20 06:42,11,0,China
1212,1/25/20 07:01,7,0,China
1213,1/25/20 05:08,3,0,China
1214,1/25/20 04:37,3,0,China
1215,1/25/20 03:07,3,0,China
1216,1/25/20 02:48,3,0,International
1217,1/25/20 02:36,3,0,China
1218,1/25/20 02:12,16,0,China
1219,1/25/20 01:44,18,0,China
1220,1/25/20 01:42,3,0,China
1221,1/25/20 01:40,5,0,China
1222,1/25/20 01:37,5,0,China
1223,1/25/20 01:35,42,0,China
1224,1/25/20 01:32,6,0,China
1225,1/25/20 01:30,20,0,China
1226,1/25/20 01:27,13,0,China
1227,1/25/20 01:25,21,0,China
1228,1/25/20 01:23,26,0,China
1229,1/25/20 01:13,1,0,International
1230,1/25/20 01:00,181,0,China
1231,1/25/20 00:40,12,0,China
1232,1/25/20 00:33,51,1,China
1233,1/24/20 23:55,7,1,China
1234,1/24/20 21:15,3,0,China
1235,1/24/20 20:30,1,0,International
1236,1/24/20 18:36,1,0,International
1237,1/24/20 18:35,18,0,China
1238,1/24/20 18:10,10,0,China
1239,1/24/20 17:58,10,0,China
1240,1/24/20 11:38,1,0,China
1241,1/24/20 11:02,6,0,China
1242,1/24/20 10:58,5,0,China
1243,1/24/20 10:33,1,0,China
1244,1/24/20 10:20,1,0,China
1245,1/24/20 10:00,1,0,China
1246,1/24/20 09:25,1,0,China
1247,1/24/20 09:10,1,0,China
1248,1/24/20 08:15,3,0,International
1249,1/24/20 07:50,1,0,China
1250,1/24/20 07:22,10,0,China
1251,1/24/20 07:15,8,0,China
1252,1/24/20 07:00,1,0,International
1253,1/24/20 06:16,1,0,China
1254,1/24/20 05:43,6,0,China
1255,1/24/20 02:30,3,0,China
1256,1/24/20 03:43,1,0,International
1257,1/24/20 02:38,13,0,China
1258,1/24/20 02:17,9,0,China
1259,1/24/20 01:18,5,0,China
1260,1/24/20 01:16,19,0,China
1261,1/24/20 01:09,1,0,International
1262,1/24/20 01:07,30,0,China
1263,1/24/20 01:03,24,0,China
1264,1/24/20 01:02,23,0,China
1265,1/24/20 01:00,25,0,China
1266,1/24/20 00:58,19,0,China
1267,1/24/20 00:57,6,0,China
1268,1/24/20 00:56,1,0,China
1269,1/24/20 00:55,1,0,China
1270,1/24/20 00:44,9,0,China
1271,1/24/20 00:39,6,0,China
1272,1/24/20 00:30,1,0,China
1273,1/24/20 00:15,13,0,China
1274,1/24/20 00:05,175,0,China
1275,1/23/20 20:14,1,0,International
1276,1/23/20 23:01,8,0,China
1277,1/23/20 21:34,5,0,China
1278,1/23/20 20:01,180,15,China
1279,1/23/20 19:50,11,0,China
1280,1/23/20 19:22,1,0,International
1281,1/23/20 17:04,3,0,International
1282,1/23/20 17:00,10,0,China
1283,1/23/20 15:32,3,0,China
1284,1/23/20 15:14,1,0,International
1285,1/23/20 14:12,1,0,International
1286,1/23/20 13:58,1,0,China
1287,1/23/20 13:12,2,0,China
1288,1/23/20 12:08,2,0,International
1289,1/23/20 11:30,1,0,International
1290,1/23/20 11:08,5,0,China
1291,1/23/20 10:56,2,0,China
1292,1/23/20 07:15,1,0,China
1293,1/23/20 07:14,2,0,International
1294,1/23/20 06:40,3,0,China
1295,1/23/20 06:30,3,0,China
1296,1/23/20 04:30,1,0,China
1297,1/23/20 04:29,6,0,China
1298,1/23/20 04:08,4,0,China
1299,1/23/20 03:04,1,0,China
1300,1/23/20 03:03,1,0,China
1301,1/23/20 03:02,2,1,China
1302,1/23/20 02:22,15,0,China
1303,1/23/20 02:17,3,0,China
1304,1/23/20 01:39,18,0,China
1305,1/23/20 01:37,4,0,China
1306,1/23/20 01:23,7,0,China
1307,1/23/20 01:06,105,0,China
1308,1/23/20 01:06,6,0,China
1309,1/23/20 01:04,16,0,China
1310,1/23/20 01:02,2,0,China
1311,1/23/20 01:25,1,0,International
1312,1/23/20 00:47,21,0,China
1313,1/23/20 00:43,4,0,China
1314,1/23/20 00:43,3,0,China
1315,1/23/20 00:15,174,7,China
1316,1/22/20 23:58,4,0,China
1317,1/22/20 22:48,1,0,International
1318,1/22/20 22:21,1,0,International
1319,1/22/20 19:52,4,0,China
1320,1/22/20 17:18,8,0,China
1321,1/22/20 16:44,1,0,China
1322,1/22/20 16:15,4,0,China
1323,1/22/20 15:45,1,0,China
1324,1/22/20 14:42,1,0,China
1325,1/22/20 13:21,4,0,China
1326,1/22/20 14:10,1,0,International
1327,1/22/20 13:09,1,0,International
1328,1/22/20 09:59,1,0,China
1329,1/22/20 09:55,1,0,China
1330,1/22/20 09:50,8,0,China
1331,1/22/20 09:14,1,0,China
1332,1/22/20 08:18,1,0,China
1333,1/22/20 05:55,1,0,China
1334,1/22/20 05:47,17,0,China
1335,1/22/20 04:55,1,0,China
1336,1/22/20 04:47,2,0,China
1337,1/22/20 04:42,8,0,China
1338,1/22/20 04:41,1,0,International
1339,1/22/20 04:24,3,0,China
1340,1/22/20 03:45,5,0,China
1341,1/22/20 03:44,1,0,China
1342,1/22/20 03:18,3,0,China
1343,1/22/20 03:12,1,0,China
1344,1/22/20 02:45,6,0,China
1345,1/22/20 02:23,3,0,China
1346,1/22/20 02:15,4,0,China
1347,1/22/20 00:36,20,0,China
1348,1/21/20 17:13,3,0,China
1349,1/21/20 16:58,1,0,China
1350,1/21/20 16:03,1,0,China
1351,1/21/20 15:41,4,0,China
1352,1/21/20 14:52,1,0,China
1353,1/21/20 14:39,69,8,China
1354,1/21/20 13:21,1,0,China
1355,1/21/20 11:24,4,0,China
1356,1/21/20 11:23,1,0,China
1357,1/21/20 11:13,1,0,China
1358,1/21/20 10:54,1,0,China
1359,1/21/20 10:37,3,0,China
1360,1/21/20 10:35,1,0,China
1361,1/21/20 10:29,3,0,China
1362,1/21/20 10:26,1,0,China
1363,1/21/20 10:18,1,0,China
1364,1/21/20 09:50,1,0,China
1365,1/21/20 09:32,1,0,International
1366,1/21/20 09:25,1,0,China
1367,1/21/20 08:41,1,0,China
1368,1/21/20 07:25,2,0,China
1369,1/21/20 05:19,2,0,International
1370,1/21/20 05:04,5,0,China
1371,1/21/20 04:30,9,0,China
1372,1/21/20 03:50,3,0,China
1373,1/21/20 02:15,116,3,China
1374,2/29/20 15:23,2,0,International
1375,2/29/20 15:20,1,0,International
1376,2/29/20 15:01,3,0,International
1377,2/29/20 14:50,1,0,International
1378,2/29/20 14:10,2,0,International
1379,2/29/20 14:09,3,0,International
1380,2/29/20 13:46,16,0,International
1381,2/29/20 12:21,4,0,International
1382,2/29/20 12:05,2,0,International
1383,2/29/20 11:21,1,0,International
1384,2/29/20 11:17,1,0,International
1385,2/29/20 11:05,1,0,International
1386,2/29/20 10:55,1,0,International
1387,2/29/20 10:48,1,0,International
1388,2/29/20 10:35,3,0,International
1389,2/29/20 10:24,3,0,International
1390,2/29/20 10:18,1,0,International
1391,2/29/20 10:04,205,9,International
1392,2/29/20 09:40,4,0,International
1393,2/29/20 09:05,8,0,International
1394,2/29/20 08:00,219,0,International
1395,2/29/20 07:44,1,0,International
1396,2/29/20 06:58,5,0,International
1397,2/29/20 04:39,1,0,International
1398,2/29/20 03:10,0,1,International
1399,2/29/20 03:30,1,0,International
1400,2/29/20 03:20,1,0,International
1401,2/29/20 03:09,1,0,International
1402,2/29/20 02:58,1,0,International
1403,2/29/20 01:35,1,0,International
1404,2/29/20 01:16,594,0,International
1405,2/29/20 00:30,4,2,China
1406,2/29/20 00:30,423,45,China
1407,2/29/20 00:27,1,0,International
1408,2/28/20 23:59,1,0,International
1409,2/28/20 23:30,1,0,International
1410,2/28/20 23:20,1,0,International
1411,2/28/20 22:48,1,0,International
1412,2/28/20 22:22,1,0,International
1413,2/28/20 21:40,2,0,International
1414,2/28/20 20:50,3,0,International
1415,2/28/20 20:45,7,0,International
1416,2/28/20 20:40,1,0,International
1417,2/28/20 20:30,1,0,International
1418,2/28/20 20:00,2,0,International
1419,2/28/20 19:22,1,0,International
1420,2/28/20 19:17,1,0,International
1421,2/28/20 19:01,1,0,International
1422,2/28/20 18:47,4,0,International
1423,2/28/20 18:41,2,0,International
1424,2/28/20 18:40,16,0,International
1425,2/28/20 17:57,1,0,International
1426,2/28/20 17:27,1,0,International
1427,2/28/20 17:30,2,0,International
1428,2/28/20 17:29,2,0,International
1429,2/28/20 17:20,1,0,International
1430,2/28/20 17:17,1,0,International
1431,2/28/20 17:10,233,4,International
1432,2/28/20 16:10,1,0,International
1433,2/28/20 16:00,1,0,International
1434,2/28/20 15:53,1,0,International
1435,2/28/20 15:40,2,0,International
1436,2/28/20 15:07,15,0,International
1437,2/28/20 15:05,1,0,International
1438,2/28/20 14:00,2,0,International
1439,2/28/20 13:35,2,0,International
1440,2/28/20 13:30,3,0,International
1441,2/28/20 13:25,6,0,International
1442,2/28/20 13:20,1,0,International
1443,2/28/20 13:16,2,0,International
1444,2/28/20 13:02,0,1,International
1445,2/28/20 12:57,1,0,International
1446,2/28/20 12:07,0,3,International
1447,2/28/20 11:04,1,0,International
1448,2/28/20 10:34,143,8,International
1449,2/28/20 10:29,2,0,International
1450,2/28/20 10:27,1,0,International
1451,2/28/20 09:58,1,0,International
1452,2/28/20 09:41,2,0,International
1453,2/28/20 09:39,1,0,International
1454,2/28/20 09:22,0,1,International
1455,2/28/20 08:48,2,0,International
1456,2/28/20 08:44,1,0,International
1457,2/28/20 08:44,1,0,International
1458,2/28/20 08:31,1,0,International
1459,2/28/20 08:26,1,0,International
1460,2/28/20 08:20,12,0,International
1461,2/28/20 08:05,2,0,International
1462,2/28/20 08:01,2,0,International
1463,2/28/20 08:00,315,0,International
1464,2/28/20 07:44,2,0,International
1465,2/28/20 07:18,2,0,International
1466,2/28/20 07:06,0,1,International
1467,2/28/20 06:47,2,0,International
1468,2/28/20 05:14,1,0,International
1469,2/28/20 04:37,1,0,International
1470,2/28/20 02:35,1,0,International
1471,2/28/20 01:46,1,0,International
1472,2/28/20 01:35,1,0,International
1473,2/28/20 01:02,256,0,International
1474,2/28/20 00:43,1,0,International
1475,2/28/20 00:15,327,44,China
1476,2/27/20 10:28,1,0,International
1477,2/26/20 21:11,3,0,International
1478,2/26/20 21:11,3,0,International
1479,2/26/20 21:11,1,0,International
1480,2/26/20 16:33,1,0,International
1481,2/26/20 12:04,1,0,International
1482,2/26/20 11:05,14,0,International
1483,2/25/20 08:01,0,1,International
1484,2/24/20 20:00,1,0,International
1485,2/22/20 20:44,1,0,International
1486,2/20/20 02:01,7,0,China
1487,2/20/20 01:40,1,0,International
1488,2/19/20 23:50,1,0,International
1489,2/18/20 01:00,3,0,China
1490,2/18/20 00:10,6,0,China
1491,2/17/20 01:15,11,0,China
1492,2/17/20 00:48,1,0,China
1493,2/16/20 01:15,6,0,International
1494,2/15/20 01:20,3,0,International
1495,2/14/20 10:05,1,0,International
1496,2/13/20 21:10,1,0,International
1497,2/8/20 07:44,1,0,China
1498,2/8/20 01:05,46,0,China
1499,2/8/20 00:41,53,0,China
1500,2/8/20 00:25,26,0,China
1501,2/8/20 00:20,12,0,China
1502,2/7/20 03:27,1,0,China
1503,2/7/20 01:00,67,0,China
1504,2/7/20 00:58,18,0,China
1505,2/6/20 01:19,48,0,China
1506,2/6/20 00:50,11,0,China
1507,2/6/20 00:35,63,0,China
1508,2/6/20 00:09,6,0,China
1509,2/3/20 23:54,675,0,China
1510,1/30/20 20:02,2,0,International
1511,1/27/20 00:53,1291,24,China
1512,1/26/20 00:01,10,0,China
1513,1/24/20 23:05,292,11,China
1514,1/24/20 15:40,31,1,China
1515,1/24/20 06:05,1,39,China
1516,1/22/20 01:00,7,0,China
1517,1/21/20 09:14,2,0,China
1518,1/21/20 03:13,1,0,International
1519,2/29/20 04:15,2,0,International
1520,2/28/20 04:35,1,0,International
